,加拿大,法国,德国,意大利,日本,韩国,墨西哥,俄罗斯,南非,土耳其,英国,美国,巴西,中国,印度,印度尼西亚
2000-01,1.18 ,85.11,0.7431532,82.02,-0.30 ,0.6534219,13.17 ,,,,0,1.996577,53.22,,,
2000-02,1.28 ,85.11,0.5393021,82.24,-0.10 ,0.769434,12.36 ,,,,0.1302083,2.162777,53.39,,,
2000-03,1.28 ,85.51,0.4657608,82.35,-0.30 ,1.304989,11.33 ,,,,0.1298701,2.440409,53.47,,,
2000-04,1.17 ,85.46,0.697413,82.35,-0.40 ,1.495597,10.59 ,,,,0,2.319005,53.8,,,
2000-05,1.06 ,85.51,0.2980925,82.57,-0.20 ,1.279281,10.01 ,,,,0,2.434881,53.91,,,
2000-06,1.27 ,85.65,0.359841,82.68,-0.30 ,1.468644,9.53 ,,,,-0.1290323,2.491506,54.07,,,
2000-07,1.16 ,85.43,0.3805946,82.89,-0.30 ,1.968265,9.17 ,,,,-0.1302083,2.487281,54.52,,,
2000-08,1.16 ,85.72,0.3368014,83,-0.30 ,2.170697,8.80 ,,,,0,2.597403,54.75,,,
2000-09,1.05 ,85.81,0.4068628,83,-0.50 ,2.679892,8.32 ,,,,0.1290323,2.588633,54.89,,,
2000-10,1.26 ,85.89,0.4842452,83.22,-0.60 ,2.600532,8.11 ,,,,0.2583979,2.523836,55.01,,,
2000-11,1.47 ,85.85,0.2001588,83.44,-0.50 ,2.600532,8.11 ,,,,0.2580645,2.578475,55.17,,,
2000-12,1.69 ,85.97,1.075676,83.44,-0.60 ,2.905196,7.85 ,,,,0.2577319,2.581369,55.34,,,
2001-01,1.80 ,85.8,0.5584856,83.33,-0.80 ,3.238172,7.26 ,,,,0.5221932,2.628635,55.63,,,
2001-02,1.68 ,85.97,0.910941,82.68,-0.80 ,3.433702,6.89 ,,,,0.390117,2.729805,55.98,,,
2001-03,1.89 ,86.32,0.9827766,83.55,-0.90 ,3.409613,6.84 ,,,,0.5188068,2.65928,56.13,,,
2001-04,2.20 ,86.61,1.124923,84.32,-0.80 ,3.606623,6.80 ,,,,0.7761967,2.59812,56.38,,,
2001-05,2.30 ,86.68,1.3326,84.54,-1.00 ,4.11781,6.71 ,,,,1.032258,2.542841,56.66,,,
2001-06,2.19 ,86.76,1.353734,84.76,-0.90 ,4.116772,6.70 ,,,,1.29199,2.707182,57.08,,,
2001-07,2.51 ,86.66,1.214477,84.54,-0.90 ,3.59788,6.51 ,,,,1.564537,2.702703,57.77,,,
2001-08,2.40 ,87,1.358016,84.43,-0.90 ,3.5938,6.42 ,,,,1.818182,2.696753,58.18,,,
2001-09,2.29 ,87.13,1.514713,84.65,-0.80 ,3.278738,6.40 ,,,,1.28866,2.633023,58.41,,,
2001-10,2.18 ,87.24,1.693138,85.31,-0.70 ,3.175469,6.12 ,,,,1.159794,2.625821,58.69,,,
2001-11,1.76 ,87.14,1.639499,85.53,-0.80 ,3.27243,5.70 ,,,,1.158301,2.786885,59.08,,,
2001-12,1.66 ,87.39,1.692999,85.64,-0.90 ,3.264252,5.36 ,,,,1.285347,2.73523,59.54,,,
2002-01,1.87 ,87.57,1.763052,85.42,-0.80 ,2.745838,5.10 ,,72.91,,1.688312,2.561308,59.98,,,
2002-02,2.28 ,87.74,1.798665,85.09,-0.80 ,2.636681,5.05 ,,73.96,,1.554404,2.603037,60.42,,,
2002-03,2.16 ,88.17,2.038311,86.07,-0.70 ,2.812833,4.86 ,,74.5,,1.548387,2.428494,60.73,,,
2002-04,2.26 ,88.4,1.429946,86.73,-0.90 ,2.998124,4.72 ,,75.71,,1.412067,2.532328,61.04,,,
2002-05,2.15 ,88.57,1.791056,86.95,-0.80 ,2.993853,4.54 ,,75.85,,1.277139,2.533693,61.32,,,
2002-06,2.15 ,88.61,1.787021,87.06,-0.80 ,2.892233,4.34 ,,76.4,,1.27551,2.259279,61.55,,,
2002-07,2.04 ,88.69,1.559257,86.95,-0.80 ,3.091142,4.32 ,,77.81,,1.540437,2.201933,62.24,,,
2002-08,2.44 ,88.94,1.556464,86.73,-0.90 ,3.082197,4.32 ,,77.98,,1.27551,2.357985,62.7,,,
2002-09,2.54 ,89.03,1.585739,87.39,-0.90 ,3.173181,4.22 ,,78.4,,1.272265,2.244789,63.12,,,
2002-10,2.54 ,89.1,1.25816,87.83,-0.90 ,3.462453,4.20 ,,79.58,,1.656051,2.238806,63.72,,,
2002-11,3.16 ,89.1,1.208393,88.05,-0.80 ,3.556025,4.15 ,,80.72,,1.526718,1.967039,64.72,,,
2002-12,2.76 ,89.27,1.072141,88.27,-0.70 ,3.545778,4.12 ,,80.86,,1.77665,1.916933,65.79,,,
2003-01,3.26 ,89.12,0.9158265,87.83,-0.80 ,3.530732,4.06 ,109.92 ,81.56,60.66,1.532567,1.912859,66.91,,,
2003-02,3.04 ,89.76,0.9122216,87.17,-0.70 ,3.520677,3.85 ,110.03 ,81.7,61.16,1.658163,1.744186,67.9,,,
2003-03,2.82 ,90.01,0.818561,88.49,-0.60 ,3.679532,3.84 ,110.12 ,82.02,61.65,1.524778,1.685985,68.72,,,
2003-04,2.11 ,90.15,1.068692,89.25,-0.40 ,3.474383,3.83 ,110.23 ,82.27,62.6,1.518987,1.471361,69.45,,,
2003-05,2.40 ,90.34,0.6779832,89.47,-0.40 ,3.373408,3.91 ,110.20 ,82.32,63.44,1.261034,1.577287,70.14,,,
2003-06,2.10 ,90.45,0.8047273,89.58,-0.40 ,3.467869,3.89 ,110.48 ,82.36,64.13,1.007557,1.525513,70.47,,,
2003-07,1.90 ,90.29,0.8906211,89.47,-0.20 ,3.275852,3.89 ,110.24 ,81.43,64.36,1.264223,1.52391,71,,,
2003-08,1.49 ,90.56,0.9532841,89.04,-0.10 ,3.178432,3.91 ,110.48 ,81.54,64.86,1.259446,1.3089,71.35,,,
2003-09,1.68 ,90.89,0.8872978,89.69,-0.10 ,3.168097,3.73 ,110.76 ,80.72,66.12,1.256281,1.2023,71.82,,,
2003-10,1.78 ,91.23,1.006931,90.13,0.10 ,2.879648,3.71 ,111.34 ,79.77,66.79,1.12782,1.303441,72.07,,,
2003-11,1.78 ,91.42,0.8848884,90.35,-0.10 ,2.598102,3.78 ,111.21 ,78.27,67.35,1.12782,1.09489,72.39,,,
2003-12,2.09 ,91.65,0.8588671,90.35,0.00 ,2.867758,3.87 ,111.15 ,78.29,67.44,0.8728179,1.149425,72.83,,,
2004-01,1.48 ,91.46,1.251774,89.58,-0.10 ,2.765697,3.80 ,110.81 ,78.46,68,1.132075,1.147028,73.34,,,
2004-02,1.18 ,92.13,1.196869,89.25,0.00 ,2.574216,3.76 ,110.69 ,78.57,68.19,1.129235,1.246753,73.9,,,
2004-03,1.27 ,92.39,1.485649,90.46,-0.10 ,2.366428,3.72 ,110.68 ,78.99,68.12,1.001252,1.606218,74.49,,,
2004-04,1.77 ,92.56,1.842912,91.45,-0.20 ,2.178432,3.71 ,110.89 ,78.95,68.63,0.9975063,1.760746,74.93,,,
2004-05,1.47 ,92.73,1.907424,91.45,-0.30 ,2.176471,3.67 ,110.94 ,78.91,69.52,1.120797,1.708075,75.34,,,
2004-06,1.67 ,92.76,1.734288,91.56,-0.10 ,2.173101,3.83 ,110.74 ,78.97,70.12,1.246883,1.865285,75.71,,,
2004-07,1.86 ,92.73,1.639342,91.34,-0.20 ,2.629211,3.87 ,110.90 ,79.33,70.23,1.123595,1.759834,76.36,,,
2004-08,1.57 ,93.16,1.710689,91.23,-0.20 ,2.62681,3.79 ,110.83 ,79.31,70.63,0.9950249,1.705426,76.75,,,
2004-09,1.46 ,93.22,1.732889,91.78,0.00 ,2.349322,3.89 ,110.58 ,79.1,71.49,0.8684863,1.96281,77.16,,,
2004-10,1.36 ,93.24,1.563663,92.11,-0.10 ,2.349322,3.96 ,110.40 ,79.14,72.88,0.8674102,2.007205,77.55,,,
2004-11,1.65 ,93.22,1.805353,92.32,-0.20 ,2.35005,3.94 ,110.39 ,79.43,73.88,0.9913259,2.166065,77.99,,,
2004-12,1.75 ,93.45,2.319179,92.76,-0.20 ,2.158837,3.93 ,110.45 ,79.45,74.03,1.359703,2.169421,78.47,,,
2005-01,1.65 ,92.93,1.328097,91.56,-0.30 ,2.691265,3.91 ,110.43 ,79.89,74.45,1.243781,2.268041,78.96,98.52,,
2005-02,1.75 ,93.48,1.308508,91.34,-0.40 ,2.805183,3.85 ,110.37 ,79.9,74.01,1.115718,2.360185,79.59,98.63,,
2005-03,1.84 ,93.87,1.141414,92.65,-0.30 ,2.496335,3.76 ,110.53 ,80.36,74.01,1.359446,2.345742,80.15,98.22,,
2005-04,1.64 ,93.98,0.4378291,93.31,-0.20 ,2.509019,3.62 ,110.60 ,80.46,75.2,1.351701,2.239186,80.88,98.32,,
2005-05,1.64 ,94.13,0.753738,93.64,0.00 ,2.418732,3.58 ,110.60 ,80.04,76.82,1.34657,2.188295,81.43,98.32,,
2005-06,1.54 ,94.14,0.47826,93.64,-0.20 ,2.328604,3.56 ,110.60 ,80.02,77.58,1.468821,2.034588,81.71,98.13,,
2005-07,1.35 ,93.79,0.6223666,93.31,-0.20 ,1.966921,3.59 ,110.28 ,80.36,76.95,1.841915,2.136317,82.1,98.22,,
2005-08,1.73 ,94.34,0.5954819,93.09,-0.10 ,2.079739,3.45 ,110.07 ,80.36,76.83,1.835576,2.134146,82.4,98.13,,
2005-09,1.73 ,94.48,0.476698,93.53,-0.10 ,2.079739,3.35 ,109.98 ,80.3,77.24,1.710317,1.975684,82.65,98.32,,
2005-10,1.73 ,94.4,0.7632208,94.19,0.00 ,2.079739,3.30 ,109.36 ,80.3,78.64,1.707317,2.068618,83.04,98.52,,
2005-11,1.53 ,94.38,0.7244192,94.41,0.10 ,2.273156,3.27 ,108.81 ,80.3,79.34,1.704324,2.120141,83.38,98.52,,
2005-12,1.53 ,94.61,0.07416821,94.41,0.10 ,2.113216,3.27 ,108.32 ,80.27,79.54,1.447353,2.173913,83.63,98.72,,
2006-01,1.63 ,94.22,0.4025941,93.2,-0.10 ,1.51109,3.11 ,108.28 ,80.53,79.3,1.7,2.116935,84.09,98.91,,
2006-02,1.72 ,94.56,0.5083899,92.98,0.00 ,1.610563,3.05 ,108.79 ,80.46,78.42,1.8,2.055138,84.52,98.72,,
2006-03,1.71 ,95.03,0.3712873,94.3,0.10 ,1.801157,3.16 ,108.69 ,80.72,78.14,1.7,2.092676,84.72,98.42,,
2006-04,1.62 ,95.24,0.8191355,95.29,-0.10 ,1.798,3.32 ,108.19 ,80.76,79.59,1.7,2.289696,84.97,98.72,,
2006-05,1.99 ,95.44,0.4151129,95.39,0.00 ,2.099651,3.26 ,107.92 ,80.82,81.67,1.6,2.440239,85.23,98.91,,
2006-06,1.71 ,95.52,0.7228573,95.5,0.20 ,1.997777,3.32 ,107.76 ,81.3,82.77,1.7,2.642074,85.32,98.82,,
2006-07,1.99 ,95.24,0.8282468,94.96,0.20 ,2.198878,3.37 ,107.78 ,81.6,82.88,1.4,2.689243,85.46,99.02,,
2006-08,1.99 ,95.7,0.5534244,94.52,0.30 ,1.995115,3.41 ,107.93 ,82.11,82.87,1.6,2.835821,85.53,99.02,,
2006-09,2.27 ,95.66,0.7338015,95.61,0.20 ,2.195814,3.48 ,107.88 ,82.4,84.11,1.8,2.930949,85.73,99.02,,
2006-10,2.36 ,95.72,0.8963762,95.83,0.10 ,2.195814,3.47 ,107.70 ,83.01,85.81,1.8,2.718735,85.95,99.31,,
2006-11,2.16 ,95.79,0.9218021,95.94,0.20 ,2.292543,3.53 ,107.72 ,83.03,86.4,2,2.619871,86.12,99.41,,
2006-12,2.07 ,96.13,0.9703528,96.05,0.10 ,2.190598,3.65 ,107.84 ,83.52,86.38,2,2.572984,86.61,99.5,,
2007-01,2.26 ,95.65,1.529679,94.63,0.00 ,2.284791,3.90 ,107.63 ,83.9,85.89,1.9,2.669793,86.96,99.5,,
2007-02,2.35 ,96,1.537335,94.85,-0.10 ,2.475799,3.95 ,106.89 ,83.9,85.5,1.9,2.707269,87.38,99.7,,
2007-03,2.34 ,96.43,1.639151,96.16,-0.30 ,2.558965,3.85 ,106.69 ,84.42,85.86,2.1,2.45144,87.6,99.41,,
2007-04,2.53 ,96.77,1.986067,96.93,-0.10 ,2.653913,3.70 ,106.80 ,84.67,87.33,2,2.341119,87.84,99.61,,
2007-05,2.23 ,96.92,2.098131,97.15,-0.10 ,2.447811,3.76 ,106.74 ,84.7,88.95,2.1,2.244045,88.13,99.7,,
2007-06,2.52 ,96.96,1.825918,97.26,-0.10 ,2.550134,3.75 ,106.87 ,85.28,89.58,2.1,2.221467,88.35,99.61,,
2007-07,2.33 ,96.66,1.90859,96.49,-0.10 ,2.545116,3.79 ,107.26 ,85.71,88.68,2,2.209505,88.41,99.7,,
2007-08,2.23 ,97.3,2.109921,96.16,-0.10 ,2.642208,3.89 ,107.74 ,86.21,87.84,2,2.134011,88.73,99.7,,
2007-09,2.03 ,97.29,2.205573,97.15,-0.10 ,2.440632,3.82 ,108.64 ,86.51,88.29,1.8,2.137066,88.92,100,,
2007-10,1.75 ,97.4,1.966613,97.7,0.10 ,2.637019,3.92 ,110.33 ,87.09,89.67,1.9,2.174206,89.17,100.31,,
2007-11,1.57 ,97.55,1.932852,97.81,0.40 ,2.532592,3.89 ,110.86 ,87.16,90.5,1.7,2.328998,89.44,100.4,,
2007-12,1.48 ,97.88,2.029183,98.03,0.80 ,2.626731,3.87 ,111.04 ,87.7,90.52,1.8,2.438977,89.79,100.51,,88.03
2008-01,1.38 ,97.45,1.507258,96.82,0.80 ,2.815635,3.84 ,111.53 ,88.19,89.71,1.7,2.465759,90.15,100.6,,89.15
2008-02,1.47 ,97.77,1.50961,96.71,1.00 ,2.704879,3.89 ,112.06 ,88.57,89.21,1.7,2.273423,90.69,100.71,,89.72
2008-03,1.28 ,98.43,1.697741,98.46,1.20 ,3.067204,4.09 ,112.71 ,89.71,89.98,1.6,2.354673,91.11,100.6,,90.37
2008-04,1.46 ,98.66,0.9511132,98.9,0.90 ,3.061341,4.30 ,113.53 ,89.9,92.03,1.8,2.257609,91.63,100.81,,90.34
2008-05,1.46 ,98.77,1.286937,99.34,1.50 ,3.34556,4.59 ,114.45 ,90.1,94.55,1.9,2.312711,92.22,100.81,,90.89
2008-06,1.55 ,98.85,1.368773,99.45,1.90 ,3.536555,4.78 ,115.03 ,91.05,95.29,1.9,2.413125,92.69,100.81,,92
2008-07,1.55 ,98.46,1.404356,98.46,2.40 ,3.816341,4.88 ,114.95 ,91.62,94.48,2.2,2.509537,93.1,101.01,,92.85
2008-08,1.73 ,99.08,1.47983,98.79,2.40 ,3.718138,5.03 ,114.86 ,92.19,94.09,2.2,2.541317,93.52,101.11,,93.32
2008-09,1.72 ,99.06,1.271545,99.45,2.30 ,4.099032,5.14 ,114.57 ,92.95,94.78,2.4,2.473208,93.92,101.21,,94.07
2008-10,1.72 ,99.22,1.269009,100.22,1.90 ,3.995519,5.10 ,113.71 ,93.33,96.3,2.1,2.216016,94.31,101.21,,94.54
2008-11,2.45 ,99.23,1.292032,100.11,1.00 ,4.278546,5.34 ,113.67 ,93.52,97.19,2.2,2.002966,94.6,100.81,,94.92
2008-12,2.36 ,99.45,1.293069,100.33,0.20 ,4.459982,5.54 ,113.61 ,93.9,96.83,1.5,1.763077,94.93,100.11,,95.31
2009-01,1.91 ,98.97,1.134633,98.25,0.00 ,3.965369,5.54 ,113.82 ,94.48,96.31,1.6,1.680132,95.35,100.11,,95.76
2009-02,1.90 ,99.48,1.43527,98.57,0.00 ,4.0463,5.58 ,114.54 ,95.62,95.65,1.9,1.785698,96.02,99.8,,96.39
2009-03,1.98 ,99.97,1.102447,100,-0.10 ,3.348841,5.61 ,114.83 ,96.95,94.98,1.9,1.755978,96.24,99.6,,96.84
2009-04,1.80 ,100.17,1.610345,100.99,-0.10 ,3.063769,5.64 ,114.36 ,97.33,95.84,1.7,1.899014,96.78,99.6,,96.81
2009-05,1.97 ,100.35,1.154764,101.21,-1.10 ,3.053669,5.35 ,113.60 ,97.71,97.55,1.7,1.834743,97.3,99.5,,96.93
2009-06,1.88 ,100.35,1.218832,101.32,-1.70 ,3.048036,5.12 ,112.89 ,98.1,98.12,1.5,1.730433,97.57,99.41,,97.11
2009-07,1.79 ,99.97,1.12899,99.78,-2.20 ,2.665532,5.02 ,112.29 ,98.86,98.05,1.6,1.529774,97.85,99.41,,97.41
2009-08,1.61 ,100.69,1.15182,100.11,-2.40 ,2.756734,4.75 ,111.72 ,99.24,97.63,1.5,1.441268,98.05,99.41,,97.82
2009-09,1.51 ,100.35,1.202222,101.1,-2.30 ,2.563699,4.55 ,110.77 ,99.43,97.98,1.5,1.510177,98.36,99.6,,98.62
2009-10,1.78 ,100.34,1.192369,101.86,-2.20 ,2.469345,4.59 ,109.63 ,99.43,100.26,1.4,1.708575,98.59,99.91,,98.83
2009-11,1.50 ,100.34,0.9452643,101.75,-1.70 ,2.368691,4.27 ,108.81 ,99.43,100.99,1.4,1.704739,98.96,100,,99
2009-12,1.51 ,100.79,1.013542,101.97,-1.30 ,2.179843,4.16 ,108.34 ,99.81,100.55,1.9,1.816289,99.41,100,,99.39
2010-01,1.96 ,100,0.7524642,100,-1.30 ,2.433397,4.48 ,107.57 ,100,100,2.1,1.553625,100,100,,100
2010-02,2.13 ,100.79,0.6101997,99.78,-1.20 ,2.174745,4.43 ,106.34 ,100.76,99.52,1.9,1.34001,100.68,100.2,,100.14
2010-03,1.68 ,101.18,0.8103918,101.75,-1.20 ,1.716028,4.26 ,105.40 ,101.71,100.12,1.9,1.106847,101.1,100,,100.29
2010-04,1.86 ,101.21,0.5877659,102.85,-1.50 ,1.910676,3.93 ,104.76 ,101.71,101.25,2,0.9231415,101.53,100.3,,100.38
2010-05,1.76 ,101.31,0.6500216,102.74,-1.20 ,1.748219,3.96 ,104.42 ,101.71,102.88,1.9,0.9423716,102.1,100.4,,100.62
2010-06,1.67 ,101.4,0.6413251,102.96,-1.00 ,1.666844,3.85 ,104.28 ,102.29,102.98,2,0.9038548,102.46,100.4,,100.96
2010-07,1.58 ,101.09,0.5362844,101.64,-1.10 ,1.780236,3.74 ,104.33 ,102.29,102.46,1.8,0.8698427,102.71,100.6,,101.45
2010-08,1.58 ,101.65,0.6690162,101.86,-1.00 ,1.893446,3.69 ,104.62 ,102.29,101.75,1.9,0.8902712,102.83,100.6,,101.99
2010-09,1.49 ,101.53,0.5819038,102.74,-1.10 ,1.812104,3.65 ,105.28 ,102.67,101.6,1.9,0.8040448,103.21,100.81,,102.59
2010-10,1.84 ,101.52,0.6501458,103.73,-0.60 ,1.812104,3.51 ,105.78 ,102.86,102.77,2,0.6106981,103.67,101.21,,102.97
2010-11,1.39 ,101.48,0.8507347,103.62,-0.50 ,1.541017,3.61 ,106.21 ,102.86,103.55,2.1,0.7682046,104.21,101.61,,103.27
2010-12,1.49 ,101.87,0.1008294,103.84,-0.40 ,1.662923,3.58 ,106.61 ,103.05,103.55,2.3,0.804454,104.83,101.81,,103.65
2011-01,1.40 ,101.07,0.70834,101.21,-0.80 ,1.914549,3.27 ,107.16 ,103.05,103.18,2.5,0.9500831,105.63,102.01,87.1,104.17
2011-02,0.87 ,101.54,0.6734981,101.21,-0.80 ,2.110895,3.26 ,107.43 ,103.62,103.28,2.8,1.092012,106.64,102.12,87.9,104.49
2011-03,1.74 ,102.23,0.8385358,103.84,-0.70 ,2.412953,3.21 ,107.67 ,104.76,103.89,2.7,1.19018,107.39,102.22,88.6,104.75
2011-04,1.65 ,102.52,0.7546649,105.15,-0.20 ,2.509942,3.18 ,107.99 ,105.14,105.73,3.1,1.334744,107.95,102.52,89.6,105
2011-05,1.82 ,102.59,0.8702669,105.04,-0.10 ,2.705668,3.12 ,108.26 ,105.14,107.73,2.8,1.510446,108.53,102.74,90.5,105.31
2011-06,1.30 ,102.71,1.068913,105.26,-0.20 ,2.80327,3.18 ,108.43 ,105.52,108.41,2.5,1.638759,109.14,102.74,91.2,105.64
2011-07,1.56 ,102.07,0.8583032,102.74,0.10 ,2.796462,3.19 ,108.43 ,106.29,108.03,2.7,1.76536,109.5,102.83,91.9,106.08
2011-08,1.90 ,102.85,0.8953468,103.18,0.20 ,2.790876,3.22 ,108.08 ,106.29,108.05,2.7,1.951244,109.85,103.05,92.4,107.23
2011-09,2.25 ,102.66,1.069849,105.92,0.20 ,2.589718,3.12 ,107.39 ,106.48,108.68,2.9,1.974701,110.34,103.14,93.3,107.65
2011-10,2.06 ,102.87,0.9248533,106.69,-0.10 ,2.589718,3.19 ,107.17 ,106.67,110.65,2.9,2.100153,110.86,103.35,94.1,107.51
2011-11,2.15 ,103.09,1.087616,106.47,-0.20 ,2.788124,3.28 ,106.94 ,106.86,112.02,2.8,2.153307,111.38,103.45,94.9,107.85
2011-12,1.90 ,103.63,1.091948,106.69,-0.10 ,2.680317,3.35 ,106.62 ,107.05,111.96,2.6,2.229536,111.84,103.35,95.5,108.15
2012-01,2.07 ,102.77,1.224553,103.4,-0.10 ,2.410388,3.34 ,106.02 ,107.62,111.87,2.4,2.277463,112.5,103.55,96.1,108.62
2012-02,2.32 ,103.16,1.176546,103.29,0.10 ,2.402055,3.37 ,105.68 ,108,111.67,2.2,2.176574,113.17,103.45,96.7,108.99
2012-03,1.88 ,104.12,1.302666,106.58,0.20 ,1.795942,3.31 ,105.47 ,109.52,112.11,2.2,2.255353,113.41,103.55,97.5,109.22
2012-04,2.13 ,104.35,1.246799,107.68,0.20 ,1.56767,3.39 ,105.29 ,109.71,114.44,2,2.313514,114.19,103.86,98.3,109.45
2012-05,1.78 ,104.43,1.441204,107.68,-0.10 ,1.472895,3.48 ,105.10 ,109.71,115.99,2,2.257119,114.61,103.97,99.0,109.66
2012-06,1.96 ,104.69,1.097361,108,-0.20 ,1.383832,3.50 ,105.15 ,110.48,116.46,2,2.217963,114.66,104.08,99.9,110.02
2012-07,1.71 ,104.09,1.342225,105.59,-0.30 ,1.195476,3.59 ,105.32 ,111.05,116.12,2.1,2.100247,115.19,104.38,100.2,110.62
2012-08,1.61 ,104.75,1.270727,105.48,-0.30 ,1.163776,3.70 ,105.52 ,111.24,115.8,1.9,1.913456,115.65,104.49,100.8,111.7
2012-09,1.27 ,104.38,1.27204,108,-0.10 ,1.359436,3.61 ,105.74 ,111.62,115.93,2,1.98463,116.19,104.8,101.6,112.08
2012-10,1.26 ,104.45,1.420863,108.22,0.00 ,1.408068,3.58 ,105.77 ,111.81,117.41,2.3,1.99918,116.79,105.01,102.4,112.46
2012-11,1.18 ,104.37,1.453592,108,-0.10 ,1.366971,3.29 ,105.75 ,112,118.44,2.4,1.941294,117.52,105.01,103.2,112.61
2012-12,1.10 ,104.9,1.5599,108.44,-0.20 ,1.324891,2.90 ,105.73 ,112.19,118.46,2.1,1.893358,118.42,105.01,104.1,112.91
2013-01,1.01 ,103.92,1.048135,105.26,-0.20 ,1.496044,2.88 ,105.74 ,112.57,118.26,2,1.925303,119.16,105.12,104.5,113.31
2013-02,1.43 ,104.16,1.100219,104.93,-0.30 ,1.364878,2.96 ,105.74 ,113.9,118.17,2,2.004257,119.5,105.44,105.3,113.69
2013-03,1.43 ,105.22,1.352277,108.33,-0.50 ,1.522808,3.02 ,105.64 ,115.05,118.62,2.1,1.887337,119.91,105.55,105.5,113.89
2013-04,1.09 ,105.14,0.9292739,108.99,-0.40 ,1.485059,2.95 ,105.72 ,115.43,120.66,1.8,1.715198,120.54,105.75,106.0,114.1
2013-05,1.08 ,105.34,1.13974,109.1,0.00 ,1.566875,2.88 ,105.85 ,115.62,122.44,2,1.68117,121.13,105.75,106.1,114.21
2013-06,1.34 ,105.49,1.312249,109.21,0.40 ,1.517101,2.79 ,105.78 ,116.19,122.95,2.1,1.636078,121.69,105.75,106.9,114.5
2013-07,1.42 ,105.13,1.370398,106.69,0.70 ,1.527034,2.50 ,105.59 ,116.76,123.2,1.9,1.696006,121.93,105.96,107.8,115.27
2013-08,1.25 ,105.78,1.319588,106.69,0.80 ,1.313453,2.37 ,105.48 ,116.95,123.17,1.8,1.764583,122.43,106.07,108.6,115.99
2013-09,1.25 ,105.51,1.331697,109.32,0.70 ,1.523081,2.52 ,105.46 ,117.52,124,1.9,1.734119,123.02,106.49,109.4,116.82
2013-10,1.16 ,105.5,1.183847,109.54,0.90 ,1.589267,2.48 ,105.49 ,117.71,126.2,1.6,1.680243,123.64,106.81,109.8,117.17
2013-11,1.08 ,105.5,1.383701,109.21,1.20 ,1.691518,2.57 ,105.60 ,117.9,126.99,1.7,1.720984,124.35,106.81,110.6,117.42
2013-12,1.26 ,105.92,1.227344,109.32,1.30 ,1.604439,2.78 ,105.57 ,118.1,126.85,1.6,1.717071,125.27,106.81,111.1,117.8
2014-01,1.42 ,104.93,1.534575,106.25,1.30 ,1.482851,3.22 ,105.45 ,118.48,127.24,1.5,1.616,125.89,107.13,111.6,118.45
2014-02,1.24 ,105.82,1.543043,105.81,1.30 ,1.393998,2.98 ,105.55 ,120,128.13,1.6,1.561833,126.89,107.13,112.2,118.89
2014-03,1.32 ,106.61,1.286389,109.21,1.30 ,1.736687,2.89 ,106.01 ,121.52,129.67,1.5,1.645577,127.63,107.24,112.8,119.14
2014-04,1.40 ,106.63,1.688089,110.09,3.20 ,1.948153,3.11 ,106.46 ,121.9,132.42,1.8,1.822317,128.29,107.45,113.3,119.43
2014-05,1.73 ,106.67,1.138696,109.87,3.40 ,1.808458,3.00 ,107.01 ,122.1,134.41,1.5,1.943186,128.98,107.56,113.5,119.7
2014-06,1.82 ,106.66,1.364741,109.98,3.30 ,1.712642,3.09 ,107.52 ,122.67,134.82,1.9,1.930898,129.9,107.56,114.0,120
2014-07,1.74 ,106.23,1.266312,107.24,3.30 ,1.882011,3.25 ,107.83 ,123.43,135.21,1.7,1.879705,130.14,107.77,114.7,120.63
2014-08,2.06 ,107.18,1.261122,107.13,3.10 ,2.072516,3.37 ,107.97 ,123.62,135.09,1.8,1.755287,130.69,107.77,115.0,121.19
2014-09,2.14 ,106.56,1.240324,109.87,3.00 ,1.670587,3.34 ,108.18 ,124.19,135.47,1.5,1.765404,131.41,108.11,115.1,121.54
2014-10,2.30 ,106.48,1.142143,110.2,2.90 ,1.611611,3.32 ,108.39 ,124.38,137.6,1.5,1.842793,131.95,108.32,115.4,121.86
2014-11,2.14 ,106.32,1.014334,109.87,2.70 ,1.335961,3.34 ,108.85 ,124.76,138.45,1.3,1.767768,132.38,108.32,115.6,122.36
2014-12,2.23 ,106.78,1.232731,110.2,2.50 ,1.399634,3.24 ,111.19 ,124.95,137.92,1.4,1.704,133.35,108.32,115.9,123.59
2015-01,2.23 ,105.42,1.023278,106.69,2.20 ,2.448766,2.34 ,114.66 ,125.33,138.23,1.5,1.74836,134.9,108.53,116.4,124.37
2015-02,2.13 ,106.15,1.003205,106.8,2.00 ,2.398876,2.40 ,116.78 ,126.86,138.03,1.4,1.791901,136.11,108.97,116.8,124.78
2015-03,2.37 ,107.03,0.9996511,109.76,2.20 ,2.353977,2.45 ,117.53 ,128.38,138.87,1.2,1.835263,137.94,108.86,117.6,125.14
2015-04,2.28 ,107.19,1.772552,110.53,0.30 ,2.271395,2.31 ,117.45 ,128.76,141.69,1.1,1.884067,138.97,109.08,117.9,125.45
2015-05,2.19 ,107.41,2.014282,110.75,0.10 ,2.229082,2.33 ,117.11 ,129.14,144.46,1.2,1.804969,139.83,109.29,118.8,125.74
2015-06,2.27 ,107.43,1.835391,110.86,0.10 ,2.225569,2.33 ,116.72 ,129.33,144.94,1,1.846242,141.08,109.41,119.6,126.06
2015-07,2.36 ,107.03,1.848506,108.44,0.00 ,2.506976,2.31 ,116.45 ,129.9,145.1,1.3,1.865701,142.08,109.52,119.7,126.5
2015-08,2.10 ,107.83,2.011734,108.22,-0.10 ,2.568284,2.30 ,116.61 ,130.1,145.44,1.2,1.885955,142.53,109.52,120.0,127.15
2015-09,2.10 ,107.29,1.959638,110.96,-0.10 ,2.427951,2.38 ,116.55 ,130.67,146.63,1.2,1.962211,143.32,109.85,120.3,127.7
2015-10,2.09 ,107.27,2.198049,111.29,-0.10 ,2.473071,2.47 ,116.42 ,130.86,149.87,1.3,1.979139,144.08,109.95,120.7,127.99
2015-11,2.01 ,107.09,1.063543,110.64,0.10 ,2.55349,2.34 ,115.91 ,131.05,151.21,1.4,2.066298,144.84,109.95,121.1,128.2
2015-12,1.94 ,107.67,0.9523913,110.86,0.10 ,2.645154,2.41 ,113.66 ,131.43,151.04,1.5,2.128726,145.94,109.95,121.6,128.49
2016-01,2.02 ,106.31,1.266024,107.79,-0.10 ,1.782024,2.64 ,110.70 ,132.38,151.54,1.4,2.243332,147.3,110.17,122.0,128.86
2016-02,1.92 ,106.85,1.123209,107.46,0.00 ,1.901165,2.66 ,108.88 ,134.1,151.45,1.4,2.350076,148.56,110.5,122.6,129.25
2016-03,2.07 ,107.75,1.401494,110.64,-0.30 ,1.878114,2.76 ,107.96 ,135.43,152.08,1.6,2.227894,148.91,110.5,123.0,129.51
2016-04,2.15 ,107.85,0.9008514,111.18,-0.40 ,1.996943,2.83 ,107.64 ,135.81,155.02,1.5,2.182359,149.87,110.72,123.8,129.72
2016-05,2.06 ,108,1.285873,111.51,-0.40 ,2.033205,2.93 ,107.53 ,136,157.14,1.5,2.269553,151.34,110.83,124.2,130.03
2016-06,2.06 ,108.1,1.180011,111.62,-0.40 ,2.094441,2.97 ,107.49 ,136.38,157.52,1.6,2.271054,151.93,110.95,125.0,130.45
2016-07,2.06 ,107.67,1.38537,108.99,-0.50 ,1.845326,2.97 ,107.44 ,137.33,157.72,1.6,2.231542,152.48,111.28,125.2,130.91
2016-08,1.82 ,108.32,1.134483,108.77,-0.50 ,1.831124,2.96 ,107.04 ,137.52,157.68,1.5,2.35227,153.2,111.39,125.5,131.38
2016-09,1.82 ,108,1.127733,111.51,-0.50 ,1.994681,3.07 ,106.73 ,138.1,157.9,1.7,2.222522,153.49,111.84,126.2,131.81
2016-10,1.65 ,107.92,1.121784,111.73,-0.40 ,1.853531,3.10 ,106.41 ,138.29,160.43,1.6,2.159146,153.95,111.94,126.7,131.93
2016-11,1.50 ,107.78,1.169972,111.18,-0.40 ,1.693308,3.29 ,106.21 ,138.48,161.77,1.7,2.121603,154.46,112.06,127.1,132.14
2016-12,1.59 ,108.13,1.338534,111.62,-0.20 ,1.600235,3.44 ,105.97 ,139.05,162.34,1.8,2.203737,154.93,112.17,127.5,132.43
2017-01,1.74 ,107,0.9859712,108.33,0.10 ,1.750824,3.84 ,105.49 ,139.62,163.27,1.8,2.276654,155.54,112.85,128.1,133.18
2017-02,1.65 ,107.16,1.044049,108.22,0.20 ,1.775908,4.26 ,104.97 ,141.14,164.42,2.1,2.236874,156.46,112.73,128.7,133.66
2017-03,1.25 ,108.35,0.8936673,111.4,0.20 ,1.66519,4.48 ,104.48 ,142.1,166.47,1.9,2.026872,157.11,112.85,129.2,133.8
2017-04,1.09 ,108.53,1.374253,112.72,0.30 ,1.584179,4.72 ,104.11 ,142.29,169.62,2.4,1.915235,157.35,113.18,129.0,133.98
2017-05,0.86 ,108.59,1.014183,112.5,0.40 ,1.540986,4.78 ,103.77 ,142.48,171.88,2.5,1.772505,158.15,113.3,129.5,134.2
2017-06,0.93 ,108.79,1.485658,112.5,0.40 ,1.461779,4.83 ,103.46 ,143.05,172,2.4,1.734624,158.28,113.4,129.7,134.55
2017-07,0.86 ,108.35,1.37403,110.09,0.50 ,1.507319,4.94 ,103.25 ,143.81,172.85,2.4,1.720495,158.91,113.75,130.3,134.9
2017-08,0.86 ,109,1.41725,110.09,0.70 ,1.46627,5.00 ,102.97 ,143.81,173.7,2.6,1.720585,159.18,113.86,131.1,135.29
2017-09,0.78 ,108.67,1.438141,112.61,0.70 ,1.36897,4.80 ,102.76 ,144.57,175.23,2.5,1.738228,159.39,114.43,131.9,135.76
2017-10,0.93 ,108.61,1.032021,112.17,0.80 ,1.595172,4.77 ,102.51 ,144.57,179.39,2.5,1.810236,160.07,114.43,132.5,135.99
2017-11,1.32 ,108.54,1.239738,111.73,0.90 ,1.34183,4.90 ,102.27 ,144.57,181.31,2.5,1.760152,160.41,114.43,133.4,136.17
2017-12,1.17 ,108.98,1.263587,112.06,0.90 ,1.378411,4.87 ,102.10 ,144.95,182.3,2.3,1.826523,160.88,114.54,134.1,136.36
2018-01,1.17 ,108.17,1.319124,109.21,0.90 ,0.9914839,4.56 ,101.94 ,145.33,183.16,2.4,1.867492,160.83,114.78,134.8,136.77
2018-02,1.47 ,108.18,1.279476,108.66,1.00 ,1.154047,4.28 ,101.88 ,147.05,184.06,2.2,1.894463,161.47,115.35,135.2,137.13
2018-03,1.39 ,109.85,1.495061,112.17,0.90 ,1.338434,4.02 ,101.84 ,147.81,185.51,2.1,2.140716,161.68,115,136.0,137.37
2018-04,1.47 ,110.01,1.062577,113.05,0.70 ,1.433446,3.71 ,101.94 ,148.76,190.38,2,2.161829,162,115.23,136.8,137.59
2018-05,1.31 ,110.22,1.584426,113.16,0.70 ,1.381588,3.69 ,102.04 ,148.76,193.61,2,2.264404,162.41,115.23,137.6,137.88
2018-06,1.31 ,110.17,1.164957,113.38,0.80 ,1.257559,3.62 ,102.27 ,148.95,197.12,1.8,2.289849,163.43,115.35,138.0,138.21
2018-07,1.62 ,109.89,1.224619,111.18,0.80 ,1.003225,3.63 ,102.42 ,149.9,198.95,1.8,2.38062,164.59,115.69,138.4,138.77
2018-08,1.70 ,110.6,1.19337,110.86,0.90 ,1.030308,3.63 ,102.63 ,149.9,203.62,1.9,2.226807,164.9,115.93,139.0,139.2
2018-09,1.54 ,110,1.157482,113.38,1.00 ,1.119788,3.67 ,102.79 ,150.48,217.38,1.8,2.192706,165.43,116.15,139.5,139.6
2018-10,1.61 ,109.97,1.632695,113.16,1.00 ,1.010749,3.73 ,103.09 ,150.67,223.06,1.8,2.163817,165.76,116.39,140.8,139.98
2018-11,1.46 ,109.78,1.235376,112.61,0.90 ,1.237156,3.63 ,103.37 ,151.05,218.89,1.8,2.240567,165.55,116.39,141.0,140.3
2018-12,1.70 ,110.1,1.190819,112.83,0.70 ,1.052417,3.68 ,103.69 ,151.43,217.9,1.8,2.220228,166.13,116.51,141.6,140.54
2019-01,1.54 ,109.3,1.319329,109.87,0.80 ,1.049984,3.60 ,104.13 ,151.62,217.99,1.8,2.197144,166.73,116.97,141.8,140.75
2019-02,1.53 ,109.28,1.281981,109.32,0.70 ,1.102345,3.54 ,104.39 ,153.33,217.41,1.8,2.139915,167.33,117.44,142.5,141.12
2019-03,1.60 ,110.49,0.9542163,112.72,0.80 ,0.7458985,3.55 ,104.60 ,154.48,218.02,1.8,2.100421,167.83,117.09,143.0,141.38
2019-04,1.52 ,110.93,1.884397,113.93,0.90 ,0.7060891,3.87 ,104.61 ,154.86,221.42,1.7,2.133428,168.53,117.21,143.1,141.65
2019-05,2.05 ,110.86,1.170725,113.82,0.80 ,0.5729445,3.77 ,104.68 ,154.86,224.34,1.7,2.05389,168.8,117.21,143.3,142
2019-06,1.98 ,111.27,1.594711,114.14,0.60 ,0.6871602,3.85 ,104.56 ,155.43,226.41,1.7,2.193981,169.24,117.32,143.6,142.58
2019-07,2.05 ,110.94,1.623357,111.62,0.60 ,0.8790809,3.82 ,104.48 ,156,231.17,1.9,2.277049,169.97,117.79,144.4,143.06
2019-08,1.90 ,111.62,1.425516,111.62,0.50 ,0.8392426,3.78 ,104.29 ,156.19,231.31,1.5,2.44377,170.48,117.9,144.9,143.55
2019-09,1.90 ,111.16,1.553096,113.93,0.30 ,0.4764693,3.75 ,103.96 ,156.57,233.77,1.6,2.419765,170.58,118.14,145.5,143.98
2019-10,1.89 ,111.17,1.587669,113.93,0.40 ,0.629432,3.68 ,103.68 ,156.76,237.93,1.7,2.386019,170.65,118.26,145.5,144.19
2019-11,1.89 ,111.19,1.639486,113.38,0.50 ,0.524163,3.65 ,103.48 ,156.76,239.14,1.7,2.379745,171.31,118.14,146.2,144.37
2019-12,1.67 ,111.65,1.687773,113.71,0.70 ,0.6303285,3.60 ,103.13 ,157.14,239.28,1.4,2.318615,171.79,118.14,147.0,144.54
2020-01,1.82 ,110.72,1.468266,110.53,0.80 ,0.6218317,3.73 ,102.66 ,157.33,239.52,1.6,2.326588,172.09,118.73,148.0,144.81
2020-02,1.80 ,111.04,1.330902,109.98,0.60 ,0.3761472,3.66 ,102.40 ,159.24,239.08,1.7,2.411186,172.69,118.62,148.1,145.01
2020-03,1.57 ,111.68,1.331603,113.38,0.40 ,0.2069437,3.60 ,102.61 ,160.19,240.89,1.6,2.167371,172.76,118.38,148.6,145.44
2020-04,1.20 ,111.68,0.6649042,114.69,-0.20 ,0.09529064,3.50 ,102.86 ,160,243.41,1.5,1.568659,172.78,118.38,149.8,145.68
2020-05,0.67 ,112.04,0.8015619,114.47,-0.20 ,0.2256657,3.64 ,102.85 ,159.62,247.5,1.3,1.390216,172.45,118.38,150.3,145.76
2020-06,1.12 ,112.21,0.3113632,114.69,0.00 ,0.3833879,3.71 ,102.89 ,160.19,252.76,1.5,1.344249,172.5,118.26,151.3,145.79
2020-07,0.74 ,112.96,-0.8015102,113.93,0.00 ,0.3335437,3.85 ,102.95 ,161.14,254.86,1.8,1.703343,172.86,118.26,152.4,146.03
2020-08,0.82 ,112.69,-0.6010241,112.06,-0.40 ,0.3911212,3.97 ,103.11 ,161.52,256.82,1,1.860989,172.67,118.38,152.9,146.46
2020-09,0.97 ,112.07,-0.5292282,113.49,-0.30 ,0.6289308,3.99 ,103.27 ,161.71,260.23,1.4,1.86544,172.96,118.62,153.4,146.65
2020-10,1.04 ,111.94,-0.5129372,113.93,-0.70 ,-0.2616253,3.98 ,103.58 ,161.9,265.23,1.5,1.7697,173.86,118.73,154.2,146.7
2020-11,1.49 ,112.04,0.2732167,113.82,-0.90 ,0.6289308,3.66 ,103.87 ,161.9,270.85,1.2,1.793056,174.49,118.62,154.6,146.79
2020-12,1.49 ,112.29,-0.205306,114.14,-1.00 ,0.6424413,3.80 ,104.21 ,162.29,273.53,1.5,1.781371,176.53,118.62,155.2,146.85
2021-01,1.56 ,112.39,1.371053,112.06,-0.70 ,0.7211539,3.84 ,104.55 ,162.48,276.64,1.5,1.590965,176.48,118.73,156.1,147.06
2021-02,1.18 ,112.18,1.580172,111.62,-0.50 ,0.6295593,3.87 ,105.04 ,163.24,277.85,1.1,1.445971,177.33,118.97,157.1,147.23
2021-03,1.40 ,112.91,1.487217,114.14,-0.30 ,1.072682,4.12 ,105.38 ,164.19,281.55,1.3,1.75497,177.79,118.97,157.5,147.19
2021-04,2.29 ,113.13,1.368941,115.02,-0.90 ,1.222567,4.13 ,105.47 ,164.57,286.66,1.5,2.933981,178.48,119.33,157.8,147.4
2021-05,2.81 ,113.4,1.537978,114.69,-0.60 ,1.190834,4.37 ,106.04 ,164.57,289.55,2,3.698681,179.62,119.45,160.1,147.76
2021-06,2.65 ,113.74,1.888095,115.02,-0.50 ,1.119776,4.58 ,106.55 ,165.14,296.91,2.3,4.344043,180.59,119.33,160.4,147.96
2021-07,3.32 ,113.5,2.870249,112.83,-0.20 ,1.277828,4.66 ,106.78 ,165.9,298.75,1.9,4.188349,182.24,119.68,161.1,148.07
2021-08,3.54 ,114.27,2.866128,112.83,0.00 ,1.335193,4.78 ,107.07 ,166.48,299.88,2.9,3.974595,183.2,119.68,161.8,148.37
2021-09,3.68 ,113.98,3.099637,115.02,0.10 ,1.417732,4.92 ,107.61 ,166.86,304.41,2.7,4.015764,184.96,119.93,162.4,148.55
2021-10,3.82 ,114.01,3.146884,115.13,0.10 ,2.341709,5.19 ,108.03 ,167.24,309.86,3.1,4.558925,186.79,120.05,163.4,148.66
2021-11,3.59 ,114.28,3.287249,115.13,0.50 ,1.896965,5.67 ,108.71 ,167.24,318.57,3.6,4.937853,187.69,119.8,164.1,148.9
2021-12,4.04 ,114.56,3.508545,115.68,0.50 ,2.244165,5.94 ,108.89 ,167.81,360.73,3.8,5.445239,189.4,119.8,164.8,149.15
2022-01,4.32 ,114.2,2.689969,113.49,0.20 ,2.595465,6.21 ,109.24 ,168.19,385.78,4,6.025737,190.55,119.93,165.5,149.77
2022-02,4.81 ,114.89,2.696827,113.38,0.60 ,2.869911,6.59 ,109.74 ,168.95,400.24,4.6,6.445674,192.65,120.17,166.3,150.23
2022-03,5.53 ,115.69,3.249547,116.01,0.80 ,2.836739,6.78 ,118.69 ,170.29,417.8,5.1,6.525784,194.19,120.05,167.5,150.68
2022-04,5.72 ,116.49,3.667384,117.32,2.10 ,3.009603,7.21 ,120.37 ,171.05,436.78,5.4,6.289754,195.33,120.17,169.0,151.22
2022-05,6.12 ,117.08,3.986816,117.87,2.10 ,3.411788,7.28 ,119.87 ,171.43,451.81,5.2,6.209556,196.35,120.17,169.5,151.57
2022-06,6.18 ,117.31,3.514729,118.75,2.20 ,3.905478,7.49 ,119.18 ,172.38,466.91,5.2,6.159704,198.12,120.29,170.0,151.86
2022-07,6.07 ,117.82,3.626892,116.67,2.40 ,4.011828,7.65 ,118.40 ,173.52,483.03,5.5,6.160497,198.83,120.41,170.7,152.3
2022-08,5.84 ,118.83,3.809267,117.32,2.80 ,4.070796,8.05 ,117.71 ,173.9,498.03,5.6,6.540082,199.9,120.41,171.4,152.87
2022-09,5.97 ,118.08,4.699859,119.74,3.00 ,4.055916,8.28 ,117.11 ,174.67,511.68,5.8,6.840745,200.84,120.41,172.3,153.33
2022-10,5.80 ,118.53,4.843318,120.29,3.60 ,4.193263,8.42 ,116.16 ,175.62,528.14,5.8,6.529418,202.27,120.52,173.1,153.57
2022-11,5.80 ,118.91,5.032588,120.39,3.70 ,4.20341,8.51 ,115.06 ,175.62,538.09,5.7,6.220202,202.69,120.29,174.0,153.82
2022-12,5.44 ,119.29,5.234421,121.27,4.00 ,4.03863,8.35 ,114.31 ,176,548.08,5.8,5.96593,204.19,120.41,174.9,154.15
2023-01,4.98 ,118.96,5.676911,119.19,4.20 ,3.993409,8.45 ,113.72 ,176.38,590.14,5.3,5.646474,205.28,120.89,175.8,154.43
2023-02,4.66 ,120.06,5.863983,119.63,3.10 ,3.87103,8.29 ,112.69 ,177.71,602.7,5.7,5.553525,207.33,120.64,176.4,154.64
2023-03,4.27 ,121.16,5.731672,122.15,3.10 ,3.983411,8.09 ,103.72 ,179.24,615.69,5.7,5.538887,208.26,120.64,177.1,154.87
2023-04,4.11 ,122.23,5.709996,123.57,3.40 ,3.911581,7.67 ,101.99 ,180,635.44,6.2,5.478383,209.66,120.76,177.7,155.23
2023-05,3.67 ,122.49,5.155817,124.01,3.20 ,3.767811,7.39 ,102.12 ,180.19,662.45,6.5,5.240433,210.58,120.76,178.3,155.34
2023-06,3.18 ,122.78,5.64028,124.58,3.30 ,3.34951,6.89 ,102.44 ,180.95,688.53,6.4,4.733413,211.36,120.65,178.8,155.54
2023-07,3.16 ,123.17,5.462616,122.15,3.10 ,3.212661,6.64 ,103.18 ,181.71,754.6,6.4,4.53629,211.38,121.24,179.0,155.73
2023-08,3.30 ,123.88,5.509792,122.02,3.10 ,3.13681,6.08 ,,182.29,821.65,5.9,4.302141,212.33,121.24,179.7,155.95
2023-09,2.82 ,122.67,4.468287,124.71,2.80 ,3.140965,5.76 ,,182.67,865.11,5.9,4.070705,212.95,121.37,180.0,156.1
2023-10,2.74 ,123.04,4.246858,124.71,2.90 ,3.110273,5.50 ,,183.24,897.25,5.6,4.010205,213.67,121.37,180.4,156.25
2023-11,2.81 ,122.69,3.695342,124.33,2.50 ,2.867889,5.31 ,,183.62,914.86,5.2,4.04423,214.31,121,181.0,156.45
2023-12,2.61 ,123.09,3.505045,124.84,2.30 ,2.766057,5.09 ,,184,935.86,5.2,3.983574,215.34,121.12,181.5,156.71
2024-01,2.40 ,122.64,3.267412,122.41,2.00 ,2.535185,4.76 ,,184.38,1006.79,5.1,4.010838,215.79,121.49,182.0,157.03
2024-02,2.06 ,123.64,3.131083,122.54,2.80 ,2.546468,4.64 ,,186.67,1042.81,4.8,3.861185,217.11,122.1,182.4,157.24
2024-03,1.98 ,124.15,2.927382,124.84,2.60 ,2.420926,4.55 ,,188,1079.64,4.7,3.903389,217.35,121.37,182.9,157.61
2024-04,1.64 ,125.21,2.72667,126.25,2.20 ,2.349241,4.37 ,,188.38,1118.09,4.4,3.693875,217.85,121.61,183.3,158.06
2024-05,1.83 ,125.53,2.914348,126.63,2.50 ,2.211778,4.21 ,,188.38,1160.1,4.2,3.500988,218.76,121.37,183.7,158.34
2024-06,1.90 ,125.97,2.746145,127.14,2.60 ,2.154498,4.12 ,,189.14,1180.13,4.2,3.379198,219.09,121.24,184.4,158.49
2024-07,1.70 ,126.15,2.757103,125.1,2.70 ,2.166927,4.05 ,,189.71,1209.05,4.1,3.286538,220.23,121.61,185.2,158.78
2024-08,1.50 ,127.26,2.511143,124.97,2.80 ,2.052034,4.00 ,,189.71,1245.23,4.3,3.279393,220.38,121.37,185.7,159.1
2024-09,1.57 ,125.44,2.439491,127.02,2.40 ,1.981288,3.91 ,,190.1,1289.66,4,3.497014,221.33,121.24,186.4,159.36
2024-10,1.69 ,125.75,2.643113,127.27,2.30 ,1.819013,3.80 ,,190.48,1325.69,4.1,3.500784,222.42,121.24,187.2,159.7
2024-11,1.56 ,125.51,2.745419,126.76,2.70 ,1.864717,3.58 ,,190.48,1346.04,4.4,3.472113,222.82,121.12,187.7,159.98
2024-12,1.76 ,125.78,3.044133,127.02,3.00 ,1.815693,3.65 ,,190.48,1360.26,4.2,3.39641,223.75,121.37,188.1,160.25
2025-01,2.09 ,125.18,2.767126,124.58,3.20 ,1.936188,3.66 ,109.32 ,190.86,1436.19,4.6,3.477913,223.8,121.97,188.6,160.74
2025-02,2.67 ,126,2.560251,124.46,3.00 ,1.767265,3.65 ,109.55 ,192.95,1462.04,4.4,3.428845,226.8,121.72,189.9,161.13
2025-03,2.20 ,126.45,2.474167,127.27,3.20 ,1.901829,3.64 ,109.65 ,193.9,1483.52,4.2,3.193659,227.95,121.72,190.3,161.52
2025-04,2.52 ,127.57,2.645008,129.07,3.50 ,2.051328,3.93 ,109.23 ,194.1,1533.12,4.5,3.180707,229.05,121.97,,162.02
2025-05,2.51 ,127.36,2.542204,129.07,3.70 ,1.974574,4.06 ,108.94 ,194.1,1570.44,4.2,3.211577,230.03,121.97,,162.14
2025-06,2.70 ,128.02,2.415178,129.58,3.30 ,2.000901,4.24 ,108.70 ,194.67,1600.65,4.3,3.317205,231,121.97,,162.25
2025-07,2.57 ,128.38,2.389847,127.53,3.10 ,1.977173,4.23 ,108.53 ,195.43,1628.59,4.2,3.429914,232.15,122.45,,162.46
2025-08,2.63 ,129.13,2.442577,127.4,2.70 ,1.292639,4.23 ,108.04 ,195.62,1656.22,4,3.427591,232.31,122.45,,162.55
2025-09,2.83 ,127.4,2.641775,129.58,2.90 ,1.960784,4.28 ,107.65 ,196.19,1709.37,3.9,3.217249,233.69,122.45,,162.84
2025-10,2.94 ,127.65,2.669844,129.71,3.00 ,2.154592,4.28 ,106.94 ,196.38,1750.73,3.7,,233.87,122.7,,163.48
2025-11,2.88 ,127.13,2.633832,128.94,3.00 ,1.974156,4.43 ,106.12 ,196.57,1772.05,3.5,2.676619,234.53,122.58,,163.75
2025-12,2.82 ,127.43,2.173091,129.32,2.40 ,2.007348,4.33 ,105.44 ,196.76,1783.04,3.5,2.639384,235.32,122.82,,164.07
2026-01,2.62 ,126.53,2.3492,126.89,2.00 ,2.024256,4.52 ,105.43 ,197.33,1864.3,3.3,2.50369,235.84,123.19,,164.68
2026-02,2.35 ,127.66,2.304594,127.78,1.60 ,2.297622,4.50 ,105.18 ,198.67,1892.73,3.4,2.456557,237.89,124.06,,165.38
2026-03,2.47 ,,2.456994,,1.80 ,2.186278,4.45 ,105.03 ,,,3.3,2.595012,,,,
2026-04,2.15 ,,2.33674,,1.40 ,2.169486,4.26 ,104.96 ,,,2.8,2.75018,,,,
